{"cameraMode":{"drawMode":0,"name":"Shaded","section":"Shading Mode"},"sceneLighting":true,"audioPlay":false,"sceneViewState":{"m_AlwaysRefresh":false,"showFog":true,"showSkybox":true,"showFlares":true,"showImageEffects":true,"showParticleSystems":true,"showVisualEffectGraphs":true,"m_FxEnabled":true},"in2DMode":false,"pivot":{"x":3.3169703483581545,"y":1.7004140615463257,"z":-0.6610277891159058},"rotation":{"x":-0.15908464789390565,"y":0.10904720425605774,"z":-0.017683062702417375,"w":-0.9810692071914673},"size":2.602782726287842,"orthographic":false}